date,total_pnl,trade_count,unique_traders,avg_size_usd,total_vol_usd,win_rate,long_ratio,total_fee,sentiment_5,sentiment_binary,value
2023-05-01,0.0,3,1,159.0,477.0,0.0,1.0,0.0,Greed,Greed,63
2023-12-05,0.0,9,1,5556.203333333334,50005.83,0.0,0.7777777777777778,12.501455,Extreme Greed,Greed,75
2023-12-14,-205.43473700000007,11,1,10291.213636363636,113203.35,0.36363636363636365,0.2727272727272727,28.300831000000002,Greed,Greed,72
2023-12-15,-24.632033999999997,2,1,5304.975,10609.95,0.0,0.0,2.652489,Greed,Greed,70
2023-12-16,0.0,3,1,5116.256666666667,15348.77,0.0,1.0,3.8371890000000004,Greed,Greed,67
2023-12-17,304.982785,14,1,8305.572857142857,116278.02,0.5,0.21428571428571427,29.069499,Greed,Greed,73
2023-12-18,0.0,2,1,15582.089999999998,31164.179999999997,0.0,1.0,7.791045,Greed,Greed,65
2023-12-19,1000.5386120000001,15,1,6106.827333333334,91602.41,0.6666666666666666,0.3333333333333333,22.900596,Greed,Greed,73
2023-12-20,162.732282,18,1,7868.710555555556,141636.79,0.4444444444444444,0.5555555555555556,35.409187,Greed,Greed,74
2023-12-21,537.211402,49,1,2555.795306122449,125233.97,0.5306122448979592,0.4489795918367347,31.308469,Greed,Greed,70
2023-12-22,141.832675,10,1,8887.428,88874.28,0.2,0.8,22.218566000000003,Greed,Greed,74
2023-12-23,146.936704,13,1,6033.711538461538,78438.25,0.6153846153846154,0.38461538461538464,19.609555,Greed,Greed,70
2023-12-24,1008.619956,39,1,10332.177948717948,402954.94,0.38461538461538464,0.46153846153846156,100.738715,Greed,Greed,71
2023-12-25,-245.081348,3,1,19982.836666666666,59948.51,0.0,0.6666666666666666,14.987124999999999,Greed,Greed,73
2023-12-27,-704.8892269999999,28,1,6121.823571428571,171411.06,0.14285714285714285,0.5357142857142857,42.852747,Greed,Greed,73
2023-12-28,-970.730876,23,1,4352.923913043478,100117.25,0.0,0.43478260869565216,25.0293,Greed,Greed,73
2023-12-29,508.92214299999995,50,1,11391.1944,569559.72,0.3,0.48,142.389901,Greed,Greed,65
2023-12-30,354.998648,52,1,13510.58096153846,702550.21,0.4423076923076923,0.21153846153846154,175.637526,Greed,Greed,68
2024-01-01,-129.53146,18,1,14679.973888888888,264239.52999999997,0.05555555555555555,0.5,66.059867,Greed,Greed,65
2024-01-02,783.979116,17,1,7138.1611764705885,121348.74,0.47058823529411764,0.0,30.337176,Greed,Greed,71
2024-01-03,866.015507,67,1,5888.050149253731,394499.36,0.417910447761194,0.47761194029850745,98.624811,Greed,Greed,70
2024-01-04,-67.60364,5,1,19958.508,99792.54000000001,0.0,0.4,24.948132,Greed,Greed,68
2024-01-05,164.141565,66,1,25817.31303030303,1703942.66,0.19696969696969696,0.3787878787878788,425.985639,Greed,Greed,72
2024-01-06,135.58166400000002,22,1,13569.154545454547,298521.4,0.45454545454545453,0.4090909090909091,74.630342,Greed,Greed,70
2024-01-07,-835.681235,97,1,10812.887216494846,1048850.06,0.09278350515463918,0.4845360824742268,262.212464,Greed,Greed,71
2024-01-08,-269.874439,128,1,11894.159609375,1522452.43,0.25,0.2109375,380.613064,Greed,Greed,71
2024-01-09,-826.349863,70,1,12429.313857142857,870051.97,0.2571428571428571,0.35714285714285715,204.012928,Extreme Greed,Greed,76
2024-01-10,-1517.091342,193,1,10660.515440414507,2057479.48,0.21243523316062177,0.29015544041450775,434.044865,Greed,Greed,73
2024-01-11,-164.08950099999998,21,2,14538.766666666666,305314.1,0.23809523809523808,0.38095238095238093,75.867171,Extreme Greed,Greed,76
2024-01-12,-1925.519024,7,1,28583.181428571428,200082.27,0.0,0.7142857142857143,49.480726999999995,Greed,Greed,71
2024-01-15,152.85358,14,2,3616.8642857142854,50636.1,0.6428571428571429,0.35714285714285715,12.652712,Neutral,Neutral,52
2024-01-16,-2299.171458,9,2,12936.37,116427.33,0.3333333333333333,0.4444444444444444,17.319309,Greed,Greed,64
2024-01-17,813.2741110000001,53,1,15110.019433962265,800831.03,0.20754716981132076,0.37735849056603776,159.707606,Greed,Greed,60
2024-01-18,68.93319,46,1,9231.120217391304,424631.52999999997,0.06521739130434782,0.32608695652173914,92.657901,Greed,Greed,63
2024-01-19,-385.419235,48,2,8925.603541666665,428428.97,0.125,0.375,93.051868,Neutral,Neutral,51
2024-01-20,-146.57487000000003,106,1,10095.193490566038,1070090.51,0.14150943396226415,0.42452830188679247,267.522583,Neutral,Neutral,52
2024-01-21,266.58114600000005,11,1,9375.43090909091,103129.74,0.2727272727272727,0.09090909090909091,25.78243,Greed,Greed,56
2024-01-22,1375.640959,85,2,3975.0469411764707,337878.99,0.27058823529411763,0.35294117647058826,67.478268,Greed,Greed,55
2024-01-23,-369.2447299999998,45,1,9211.531777777778,414518.93000000005,0.24444444444444444,0.4444444444444444,85.72457,Neutral,Neutral,50
2024-01-24,-2808.353815,68,1,14192.42044117647,965084.59,0.14705882352941177,0.20588235294117646,227.771095,Neutral,Neutral,48
2024-01-25,-3093.6293849999997,6,1,11094.355000000001,66566.13,0.0,0.0,16.641532,Neutral,Neutral,52
2024-01-26,90.2,5,2,2354.642,11773.21,0.2,0.8,0.444235,Neutral,Neutral,49
2024-01-28,-2478.06972,11,1,1646.2754545454545,18109.03,0.0,0.0,-0.362176,Neutral,Neutral,54
2024-01-29,486.562542,74,2,5597.407837837838,414208.18,0.6081081081081081,0.14864864864864866,103.26260500000001,Greed,Greed,55
2024-01-30,-173.65419100000003,49,1,8183.905714285715,401011.38,0.10204081632653061,0.2857142857142857,100.25281,Greed,Greed,61
2024-01-31,-799.840817,859,1,7340.683504074505,6305647.13,0.2689173457508731,0.2561117578579744,1549.411475,Greed,Greed,60
2024-02-01,0.0,6,1,334.69666666666666,2008.18,0.0,1.0,0.5020439999999999,Greed,Greed,63
2024-02-02,456.423473,42,1,11292.343571428572,474278.43,0.30952380952380953,0.30952380952380953,91.569636,Greed,Greed,63
2024-02-03,223.30918699999998,56,1,10782.5,603820.0,0.10714285714285714,0.21428571428571427,109.662349,Greed,Greed,60
2024-02-04,47.62389499999999,35,1,5805.358,203187.53,0.2571428571428571,0.2,50.52688,Greed,Greed,60
2024-02-05,-33.45419400000003,72,1,10697.198055555556,770198.26,0.19444444444444445,0.3333333333333333,165.549465,Greed,Greed,60
2024-02-06,-215.615907,1088,1,7396.280707720588,8047153.41,0.1645220588235294,0.24908088235294118,988.606997,Greed,Greed,64
2024-02-07,241.24212,15,1,450.582,6758.73,0.13333333333333333,0.3333333333333333,0.339693,Greed,Greed,62
2024-02-08,770.756024,10,1,2605.112,26051.12,0.4,0.1,3.0028870000000003,Greed,Greed,66
2024-02-11,983.443176,34,1,6244.465294117647,212311.82,0.20588235294117646,0.5588235294117647,24.955292,Greed,Greed,71
2024-02-12,913.8817869999998,16,1,14202.981249999999,227247.69999999998,0.375,0.0,27.111911,Greed,Greed,70
2024-02-13,559.44389,14,1,142.85642857142858,1999.99,1.0,0.0,-0.039992,Extreme Greed,Greed,79
2024-02-14,3830.599833,111,2,2890.4493693693694,320839.88,0.7477477477477478,0.10810810810810811,22.917474000000002,Greed,Greed,74
2024-02-15,1840.797677,63,2,2939.4926984126987,185188.04,0.9047619047619048,0.0,30.706297,Greed,Greed,72
2024-02-16,5491.768834,182,2,3103.826978021978,564896.51,0.8021978021978022,0.08241758241758242,27.22517,Greed,Greed,72
2024-02-17,1929.6418,94,2,4320.405,406118.07,0.648936170212766,0.2872340425531915,62.055053,Extreme Greed,Greed,76
2024-02-18,477.6248299999999,97,1,1619.0532989690723,157048.17,0.6288659793814433,0.26804123711340205,-3.140925,Greed,Greed,72
2024-02-19,4317.768563,101,2,2835.417821782178,286377.2,0.7623762376237624,0.09900990099009901,14.85262,Extreme Greed,Greed,75
2024-02-20,3263.628824,39,2,3062.0441025641026,119419.72,0.7948717948717948,0.1282051282051282,3.073675,Greed,Greed,72
2024-02-21,1858.7985700000002,22,2,4911.250909090909,108047.51999999999,0.6818181818181818,0.3181818181818182,2.970629,Extreme Greed,Greed,78
2024-02-22,3894.1050699999996,88,2,4239.02125,373033.87,0.45454545454545453,0.3977272727272727,25.45258,Greed,Greed,74
2024-02-23,1418.55293,143,1,776.966013986014,111106.14,0.958041958041958,0.013986013986013986,-2.067069,Extreme Greed,Greed,76
2024-02-25,-30.7705,5,1,896.0260000000001,4480.13,0.0,0.0,-0.0896,Greed,Greed,74
2024-02-26,4416.8473,39,2,4927.875384615385,192187.14,0.8717948717948718,0.02564102564102564,-0.09772499999999981,Greed,Greed,72
2024-02-27,888.511733,63,2,3323.2111111111108,209362.3,0.4126984126984127,0.047619047619047616,-3.761609,Extreme Greed,Greed,79
2024-02-28,2503.747235,45,1,3802.380666666667,171107.13,0.8666666666666667,0.044444444444444446,-1.377152,Extreme Greed,Greed,82
2024-02-29,9813.996992,116,2,3410.9200862068965,395666.73,0.8620689655172413,0.02586206896551724,1.3590849999999999,Extreme Greed,Greed,80
2024-03-01,8244.241409,137,1,3452.370072992701,472974.7,0.9343065693430657,0.058394160583941604,-0.546854,Extreme Greed,Greed,80
2024-03-02,230.90060000000005,31,2,2038.6309677419354,63197.56,0.6774193548387096,0.03225806451612903,-0.4691290000000001,Extreme Greed,Greed,80
2024-03-03,8361.086245,79,1,4946.1478481012655,390745.68,0.6835443037974683,0.26582278481012656,-2.507103,Extreme Greed,Greed,83
2024-03-04,27799.775742,300,2,5259.989566666667,1577996.87,0.8866666666666667,0.06666666666666667,-0.559449,Extreme Greed,Greed,82
2024-03-05,19791.026041,180,1,4676.724,841810.32,0.9055555555555556,0.06666666666666667,-4.438459,Extreme Greed,Greed,90
2024-03-06,6814.825139,82,1,3990.4636585365856,327218.02,0.8780487804878049,0.036585365853658534,-3.355318,Extreme Greed,Greed,75
2024-03-08,4271.886236,67,1,2740.047462686567,183583.18,0.8805970149253731,0.05970149253731343,-3.6716290000000003,Extreme Greed,Greed,81
2024-03-09,9949.501624,117,1,5625.459401709401,658178.75,0.8290598290598291,0.008547008547008548,1.8517640000000002,Extreme Greed,Greed,84
2024-03-10,2482.9272,42,1,5237.472619047619,219973.85,0.6904761904761905,0.0,2.281072,Extreme Greed,Greed,79
2024-03-11,3588.179495,42,1,4202.844047619047,176519.44999999998,0.9285714285714286,0.023809523809523808,8.47289,Extreme Greed,Greed,82
2024-03-12,3039.166,8,1,12880.10625,103040.85,0.875,0.125,4.945953,Extreme Greed,Greed,81
2024-03-13,0.0,7,1,857.2571428571428,6000.799999999999,0.0,1.0,2.100278,Extreme Greed,Greed,81
2024-03-14,3465.865832,18,2,11440.732222222221,205933.18,0.8888888888888888,0.1111111111111111,11.716792,Extreme Greed,Greed,88
2024-03-15,6236.513651,62,3,5675.71629032258,351894.41,0.6612903225806451,0.1935483870967742,49.485003,Extreme Greed,Greed,83
2024-03-16,228.57984,8,2,4652.9575,37223.66,0.125,0.625,10.52828,Extreme Greed,Greed,81
2024-03-17,503.293955,23,3,4326.389130434783,99506.95,0.43478260869565216,0.5217391304347826,33.763329,Extreme Greed,Greed,79
2024-03-18,1456.9577,19,3,4760.951578947369,90458.08,0.3157894736842105,0.6842105263157895,24.943279999999998,Extreme Greed,Greed,77
2024-03-19,668.797973,24,3,9161.868333333334,219884.84,0.20833333333333334,0.5,25.988312,Extreme Greed,Greed,79
2024-03-20,6423.134599,69,2,3126.171739130435,215705.85,0.8695652173913043,0.10144927536231885,39.878838,Greed,Greed,74
2024-03-21,2335.5080749999997,28,3,4210.556071428572,117895.57,0.8214285714285714,0.14285714285714285,16.394750000000002,Extreme Greed,Greed,78
2024-03-24,1297.018477,19,1,4873.274210526315,92592.20999999999,0.7894736842105263,0.0,8.888837,Greed,Greed,74
2024-03-25,1302.916428,7,1,8159.4742857142855,57116.32,0.8571428571428571,0.0,19.990712,Extreme Greed,Greed,75
2024-03-26,3215.906593,118,2,1682.7558474576272,198565.19,0.9322033898305084,0.059322033898305086,28.147402999999997,Extreme Greed,Greed,81
2024-03-27,150.41114,38,2,2628.020789473684,99864.79,0.3157894736842105,0.3157894736842105,31.717952,Extreme Greed,Greed,83
2024-03-28,227.85100799999998,13,2,2717.209230769231,35323.72,0.6923076923076923,0.23076923076923078,9.059229,Extreme Greed,Greed,80
2024-03-29,883.097404,15,1,5794.291333333333,86914.37,0.4,0.6,30.420029999999997,Extreme Greed,Greed,79
2024-03-30,1100.57514,45,1,2246.753777777778,101103.92,0.9777777777777777,0.022222222222222223,9.939454,Extreme Greed,Greed,75
2024-03-31,912.786145,13,1,3070.2276923076925,39912.96,0.7692307692307693,0.0,13.969522000000001,Extreme Greed,Greed,75
2024-04-01,2507.963406,77,2,4408.7074025974025,339470.47,0.5454545454545454,0.37662337662337664,83.751362,Extreme Greed,Greed,79
2024-04-02,883.760812,41,2,5845.475853658536,239664.50999999998,0.2926829268292683,0.17073170731707318,80.13257399999999,Extreme Greed,Greed,79
2024-04-03,126.7884,4,2,4221.8925,16887.57,0.25,0.75,1.661201,Greed,Greed,71
2024-04-04,0.0,32,1,2999.6165625,95987.73,0.0,0.0,33.595684999999996,Greed,Greed,70
2024-04-05,10706.484306,100,3,5037.918,503791.8,0.9,0.1,103.430138,Extreme Greed,Greed,79
2024-04-06,236.33513399999998,16,1,4263.979375,68223.67,0.25,0.0,23.878277,Extreme Greed,Greed,75
2024-04-07,0.0,23,1,2173.397391304348,49988.14,0.0,0.0,17.495845,Extreme Greed,Greed,78
2024-04-08,1218.4267,30,2,7064.688,211940.64,0.03333333333333333,0.0,61.790548,Extreme Greed,Greed,76
2024-04-09,0.0,3,1,19021.280000000002,57063.840000000004,0.0,0.0,19.972341,Extreme Greed,Greed,80
2024-04-10,5207.443414,41,1,8578.926097560974,351735.97,0.8780487804878049,0.12195121951219512,123.107562,Extreme Greed,Greed,78
2024-04-11,389.743164,16,1,4775.06,76400.96,0.125,0.875,26.740329,Extreme Greed,Greed,76
2024-04-12,-592.6458390000001,129,3,3427.0433333333335,442088.59,0.5503875968992248,0.21705426356589147,97.560875,Extreme Greed,Greed,79
2024-04-13,6621.451755,89,2,5465.294943820225,486411.25,0.6853932584269663,0.2696629213483146,118.999176,Greed,Greed,72
2024-04-14,-36104.012520000004,107,2,6160.394112149533,659162.17,0.308411214953271,0.24299065420560748,213.477404,Greed,Greed,72
2024-04-15,3774.08872,41,2,7100.272926829269,291111.19,0.8536585365853658,0.12195121951219512,40.650603999999994,Greed,Greed,74
2024-04-16,2467.702221,47,2,3870.3653191489366,181907.17,0.9148936170212766,0.02127659574468085,18.457685,Greed,Greed,65
2024-04-17,2441.4683999999997,14,1,6968.785000000001,97562.99,0.9285714285714286,0.0,10.620963,Greed,Greed,67
2024-04-19,1946.4454620000001,35,1,9635.940571428573,337257.92000000004,0.7714285714285715,0.14285714285714285,118.04025999999999,Greed,Greed,66
2024-04-20,0.0,22,2,2760.601818181818,60733.24,0.0,0.9090909090909091,121.289047,Greed,Greed,66
2024-04-22,0.0,9,1,5332.623333333333,47993.61,0.0,0.0,16.797764,Greed,Greed,73
2024-04-23,1119.536196,66,2,3531.1348484848486,233054.9,0.5303030303030303,0.30303030303030304,71.308476,Greed,Greed,71
2024-04-24,279.185907,20,1,7063.762,141275.24,0.3,0.65,49.446315999999996,Greed,Greed,72
2024-04-25,0.0,74,2,1624.8785135135136,120241.01,0.0,1.0,160.159512,Greed,Greed,72
2024-04-26,0.0,3,1,1662.7633333333335,4988.290000000001,0.0,0.0,1.745898,Greed,Greed,70
2024-04-27,4281.488139,27,1,5713.498888888889,154264.47,0.7037037037037037,0.0,53.99255,Greed,Greed,67
2024-04-28,0.0,58,2,758.3724137931034,43985.6,0.0,0.0,15.394946,Greed,Greed,65
2024-04-29,526.9338359999999,45,2,2415.5335555555553,108699.01,0.37777777777777777,0.15555555555555556,38.04463,Greed,Greed,67
2024-04-30,0.0,24,1,5209.114583333333,125018.75,0.0,1.0,43.75655,Greed,Greed,67
2024-05-01,0.0,14,1,6216.103571428571,87025.45,0.0,1.0,30.458908,Neutral,Neutral,54
2024-05-03,5306.017045,36,3,7852.295833333333,282682.64999999997,0.4722222222222222,0.027777777777777776,98.910681,Neutral,Neutral,48
2024-05-04,0.0,9,2,6555.416666666667,58998.75,0.0,0.0,20.649559,Greed,Greed,67
2024-05-05,0.916,6,2,4011.391666666667,24068.350000000002,0.16666666666666666,0.0,8.412778,Greed,Greed,69
2024-05-06,968.59038,9,1,22890.714444444442,206016.43,0.4444444444444444,0.4444444444444444,72.105746,Greed,Greed,71
2024-05-07,883.537693,18,3,6039.865555555556,108717.58,0.5,0.05555555555555555,38.039061,Greed,Greed,68
2024-05-08,1.56576,13,2,5074.89,65973.57,0.07692307692307693,0.8461538461538461,23.076826,Greed,Greed,64
2024-05-09,1147.595856,28,2,7927.361428571428,221966.12,0.39285714285714285,0.32142857142857145,77.688132,Greed,Greed,55
2024-05-10,2101.741695,22,1,7131.0,156882.0,0.2727272727272727,0.45454545454545453,54.90869,Greed,Greed,66
2024-05-11,251.604742,9,1,7027.661111111111,63248.95,1.0,0.0,22.137125,Neutral,Neutral,53
2024-05-12,0.0,23,2,2399.111304347826,55179.56,0.0,0.7391304347826086,19.312829,Greed,Greed,56
2024-05-13,2136.853859,28,2,6897.103571428571,193118.9,0.35714285714285715,0.17857142857142858,67.591599,Greed,Greed,57
2024-05-14,1150.5233050000002,23,1,6341.452173913043,145853.4,0.17391304347826086,0.8260869565217391,51.048685,Greed,Greed,66
2024-05-15,948.970582,36,1,6525.626944444444,234922.57,0.4722222222222222,0.25,82.222887,Greed,Greed,64
2024-05-16,214.5898,27,2,6022.998518518518,162620.96,0.18518518518518517,0.3333333333333333,56.91732,Greed,Greed,70
2024-05-18,3522.3946610000003,25,1,5052.1256,126303.14,0.64,0.0,44.206092,Greed,Greed,73
2024-05-19,0.0,8,1,3749.76125,29998.09,0.0,1.0,10.499327000000001,Greed,Greed,72
2024-05-20,-74.818442,10,2,3812.475,38124.75,0.0,0.7,13.343662,Greed,Greed,70
2024-05-21,7289.397571999999,125,2,8807.588720000002,1100948.59,0.112,0.144,385.331944,Extreme Greed,Greed,76
2024-05-22,0.0,6,1,7499.215,44995.29,0.0,0.0,15.748349000000001,Extreme Greed,Greed,76
2024-05-23,413.347329,325,3,1236.4633846153845,401850.6,0.4461538461538462,0.19076923076923077,113.43007899999999,Extreme Greed,Greed,76
2024-05-24,821.949278,2,1,25405.949999999997,50811.899999999994,1.0,0.0,17.784165,Greed,Greed,74
2024-05-25,14.126038999999999,16,2,1874.4456249999998,29991.129999999997,0.3125,0.125,10.246887000000001,Extreme Greed,Greed,76
2024-05-26,778.6839,16,2,3373.541875,53976.67,0.25,0.0,18.768190999999998,Extreme Greed,Greed,75
2024-05-27,1129.35587,251,1,602.0546613545816,151115.72,0.35856573705179284,0.0,45.832466,Greed,Greed,74
2024-05-29,277.791953,164,2,513.8339024390243,84268.76,0.4146341463414634,0.04878048780487805,36.876599,Greed,Greed,72
2024-05-30,20.951433,7,1,405.4414285714286,2838.09,0.7142857142857143,0.0,0.993326,Greed,Greed,73
2024-05-31,25.35812,13,1,279.70307692307694,3636.14,0.3076923076923077,0.0,1.272646,Greed,Greed,73
2024-06-01,91.510419,25,1,513.3848,12834.62,0.36,0.0,4.492106,Greed,Greed,72
2024-06-02,192.906947,93,1,316.822688172043,29464.51,0.3655913978494624,0.0,7.792912,Greed,Greed,73
2024-06-03,562.808208,70,1,306.66942857142857,21466.86,0.6285714285714286,0.0,5.378086,Greed,Greed,73
2024-06-04,52.211438,53,1,457.42283018867926,24243.41,0.4716981132075472,0.0,7.432953,Greed,Greed,73
2024-06-05,56.055506,54,1,469.4587037037037,25350.77,0.2962962962962963,0.0,7.1040600000000005,Extreme Greed,Greed,75
2024-06-06,274.173187,234,1,587.8536752136753,137557.76,0.42735042735042733,0.004273504273504274,37.079424,Extreme Greed,Greed,78
2024-06-07,8902.467416,440,3,2496.7926363636366,1098588.76,0.4,0.15454545454545454,372.962664,Extreme Greed,Greed,77
2024-06-08,129.13883900000002,29,2,3356.961379310345,97351.88,0.27586206896551724,0.7241379310344828,34.073137,Greed,Greed,72
2024-06-09,0.0,17,2,1318.2482352941176,22410.22,0.0,1.0,7.515775,Extreme Greed,Greed,75
2024-06-10,31.266804999999998,53,2,879.0175471698113,46587.93,0.33962264150943394,0.07547169811320754,14.696328000000001,Greed,Greed,72
2024-06-11,4320.631811,123,3,3034.7960975609753,373279.92,0.13821138211382114,0.8617886178861789,129.928213,Greed,Greed,74
2024-06-12,-21886.531493,254,2,761.4486614173228,193407.96,0.08267716535433071,0.14566929133858267,63.921417,Greed,Greed,72
2024-06-13,6632.757115,79,2,1678.1926582278481,132577.22,0.24050632911392406,0.7468354430379747,33.39975,Greed,Greed,70
2024-06-14,10258.592609,31,2,4511.892258064517,139868.66,0.4838709677419355,0.5161290322580645,38.954076,Greed,Greed,74
2024-06-15,3369.958346,78,2,9209.61858974359,718350.25,0.48717948717948717,0.11538461538461539,251.422549,Greed,Greed,74
2024-06-16,0.0,11,1,2294.0981818181817,25235.079999999998,0.0,0.0,8.832277,Greed,Greed,71
2024-06-17,10599.502375,38,2,9694.213684210526,368380.12,0.6578947368421053,0.2631578947368421,128.93302500000001,Greed,Greed,71
2024-06-18,282.57636,25,2,10532.5916,263314.79,0.16,0.84,67.160258,Greed,Greed,74
2024-06-19,4887.656944,61,3,6837.231475409836,417071.12,0.5081967213114754,0.04918032786885246,138.851743,Greed,Greed,64
2024-06-20,57478.456026,39,3,5333.097435897435,207990.8,0.20512820512820512,0.0,13.46905,Greed,Greed,60
2024-06-21,773.5582039999999,80,2,2203.306125,176264.49,0.0375,0.8125,61.277099,Greed,Greed,63
2024-06-22,756.876565,24,2,7066.427916666667,169594.27000000002,0.3333333333333333,0.16666666666666666,40.533382,Neutral,Neutral,53
2024-06-23,0.0,5,1,358.424,1792.12,0.0,0.0,0.17921199999999998,Greed,Greed,55
2024-06-24,0.0,31,2,13000.090322580645,403002.8,0.0,0.8064516129032258,103.551001,Neutral,Neutral,51
2024-06-25,4869.353105,49,1,2104.062857142857,103099.08,0.22448979591836735,0.0,36.084651,Fear,Fear,30
2024-06-26,4197.732182,72,2,5072.092500000001,365190.66000000003,0.2916666666666667,0.5694444444444444,127.5543,Neutral,Neutral,46
2024-06-27,0.0,30,2,4349.565,130486.95,0.0,0.4,45.556012,Fear,Fear,40
2024-06-29,6150.326145,75,2,3734.6014666666665,280095.11,0.32,0.16,460.295231,Fear,Fear,30
2024-06-30,0.0,14,2,2180.049285714286,30520.69,0.0,0.35714285714285715,17.057669,Neutral,Neutral,47
2024-07-01,5065.839308,64,2,5666.721093749999,362670.14999999997,0.40625,0.09375,425.323025,Neutral,Neutral,53
2024-07-02,2421.253116,18,1,1852.6372222222224,33347.47,0.7222222222222222,0.2777777777777778,11.458730000000001,Neutral,Neutral,51
2024-07-03,1118.387284,18,2,9977.814444444444,179600.66,0.2222222222222222,0.7777777777777778,62.628682,Neutral,Neutral,50
2024-07-04,0.0,25,2,17222.720400000002,430568.01,0.0,1.0,113.02464499999999,Fear,Fear,44
2024-07-05,0.0,32,2,8509.0590625,272289.89,0.0,1.0,95.130717,Fear,Fear,29
2024-07-06,108.87217799999999,24,1,103.75708333333334,2490.17,0.2916666666666667,0.7083333333333334,344.35416,Fear,Fear,26
2024-07-07,61.428942,10,1,49.875,498.75,1.0,0.0,0.049875,Fear,Fear,29
2024-07-08,0.0,1,1,497.64,497.64,0.0,1.0,0.0156,Fear,Fear,28
2024-07-09,648.984412,15,1,182.42999999999998,2736.45,1.0,0.0,0.39756800000000003,Fear,Fear,27
2024-07-10,11977.734907,56,2,12283.93232142857,687900.21,0.6785714285714286,0.17857142857142858,240.76504,Fear,Fear,28
2024-07-11,1876.812082,19,1,8941.422105263156,169887.02,0.47368421052631576,0.5263157894736842,59.460443,Fear,Fear,29
2024-07-12,1412.314654,19,2,4714.893157894737,89582.97,0.47368421052631576,0.5263157894736842,31.354029,Fear,Fear,25
2024-07-13,2913.617837,17,2,8187.599411764706,139189.19,1.0,0.0,48.71621,Fear,Fear,25
2024-07-14,0.0,7,1,12000.16142857143,84001.13,0.0,0.0,29.400389,Fear,Fear,33
2024-07-15,-1.0,26,2,7628.6480769230775,198344.85,0.0,0.0,68.995769,Neutral,Neutral,52
2024-07-16,0.0,22,1,6545.480454545454,144000.57,0.0,0.0,50.400180999999996,Greed,Greed,65
2024-07-17,1859.269477,351,3,1783.4915384615385,626005.53,0.4131054131054131,0.0,206.601913,Greed,Greed,69
2024-07-18,3803.884311,60,2,10828.414166666666,649704.85,0.8,0.2,227.396664,Greed,Greed,61
2024-07-19,2155.891114,23,2,6533.453043478262,150269.42,0.5217391304347826,0.043478260869565216,52.594288,Greed,Greed,60
2024-07-20,2299.169566,266,2,918.65492481203,244362.21,0.12406015037593984,0.018796992481203006,80.758418,Greed,Greed,74
2024-07-21,-2960.716887,448,2,523.0077232142856,234307.46,0.046875,0.006696428571428571,64.72334,Greed,Greed,74
2024-07-22,1517.119876,154,2,1975.4142857142856,304213.8,0.14285714285714285,0.03896103896103896,97.459536,Greed,Greed,70
2024-07-23,89890.302206,370,3,968.9906486486486,358526.54,0.8891891891891892,0.005405405405405406,59.243126000000004,Greed,Greed,71
2024-07-24,625.561479,90,5,768.977,69207.93,0.2,0.4,55.067279,Greed,Greed,69
2024-07-25,916.7382600000001,78,3,6776.350128205129,528555.31,0.1282051282051282,0.8589743589743589,224.185916,Greed,Greed,68
2024-07-26,2766.513113,152,4,3609.1292763157894,548587.65,0.40131578947368424,0.07236842105263158,206.567015,Greed,Greed,68
2024-07-27,6400.623656,57,2,15880.697368421053,905199.75,0.7368421052631579,0.15789473684210525,316.819894,Greed,Greed,72
2024-07-28,587.29903,16,2,2703.4175,43254.68,0.75,0.1875,15.139122,Greed,Greed,71
2024-07-29,330.80445399999996,39,2,8389.72153846154,327199.14,0.41025641025641024,0.38461538461538464,114.519684,Greed,Greed,74
2024-07-30,0.0,6,1,6001.078333333334,36006.47,0.0,1.0,12.602264,Greed,Greed,67
2024-07-31,765.690884,43,2,1965.2683720930231,84506.54,0.32558139534883723,0.06976744186046512,29.577267000000003,Greed,Greed,61
2024-08-01,167.080017,57,4,3996.044385964912,227774.53,0.07017543859649122,0.8070175438596491,108.095036,Neutral,Neutral,52
2024-08-02,782.3681909999999,63,3,6290.799523809524,396320.37,0.2698412698412698,0.6666666666666666,145.520462,Greed,Greed,57
2024-08-03,464.1897,37,5,7852.239459459459,290532.86,0.02702702702702703,0.9459459459459459,108.653106,Fear,Fear,37
2024-08-04,-122672.000883,127,5,9509.795826771655,1207744.07,0.023622047244094488,0.47244094488188976,445.902235,Fear,Fear,34
2024-08-05,-13013.665169,80,4,5256.1925,420495.4,0.4125,0.5,202.719158,Fear,Fear,26
2024-08-06,267.318048,107,2,574.5642990654205,61478.38,0.12149532710280374,0.7102803738317757,62.621279,Extreme Fear,Fear,17
2024-08-07,188.789255,33,3,75.53848484848484,2492.77,0.30303030303030304,0.36363636363636365,3.7522038,Fear,Fear,29
2024-08-08,-40.712216999999995,9,2,1811.038888888889,16299.35,0.0,0.5555555555555556,6.647995,Extreme Fear,Fear,20
2024-08-09,18082.071276,144,5,3494.4781944444444,503204.86,0.2986111111111111,0.2013888888888889,185.25438068,Neutral,Neutral,48
2024-08-10,0.0,88,2,128.8555681818182,11339.29,0.0,0.9886363636363636,50.0831879,Fear,Fear,40
2024-08-11,847.7766200000001,24,2,1842.9254166666667,44230.21,0.16666666666666666,0.6666666666666666,40.931287,Fear,Fear,39
2024-08-12,858.6705000000001,48,3,1128.4858333333334,54167.32,0.125,0.6875,36.071895,Fear,Fear,25
2024-08-13,212.08102,23,3,904.2552173913043,20797.87,0.34782608695652173,0.5217391304347826,17.932876999999998,Fear,Fear,31
2024-08-14,2168.9015130000003,25,3,2668.4012,66710.03,0.2,0.76,46.493106,Fear,Fear,30
2024-08-15,0.0,12,1,126.86416666666668,1522.3700000000001,0.0,1.0,16.50261,Fear,Fear,29
2024-08-16,825.230544,35,2,4753.795428571429,166382.84,0.08571428571428572,0.9142857142857143,81.187942,Fear,Fear,27
2024-08-17,-288.283113,30,2,1008.2986666666667,30248.96,0.0,0.9666666666666667,17.096539,Fear,Fear,25
2024-08-18,307.201888,15,2,4186.965333333334,62804.48,0.8,0.0,21.981557000000002,Fear,Fear,31
2024-08-19,339.69958299999996,8,1,12539.37875,100315.03,0.625,0.375,35.110258,Fear,Fear,28
2024-08-20,192.602844,12,2,4159.566666666667,49914.8,0.08333333333333333,0.3333333333333333,17.470174,Fear,Fear,30
2024-08-21,656.200925,145,2,724.0717931034483,104990.41,0.3724137931034483,0.013793103448275862,36.746583,Fear,Fear,26
2024-08-23,1005.30527,10,1,6350.956,63509.56,0.3,0.0,22.228341999999998,Fear,Fear,34
2024-08-24,0.0,7,2,4999.952857142857,34999.67,0.0,0.0,12.249882,Greed,Greed,56
2024-08-25,0.0,17,2,1291.1929411764704,21950.28,0.0,0.47058823529411764,26.303603,Neutral,Neutral,54
2024-08-26,231.236918,6,2,15435.211666666668,92611.27,0.3333333333333333,0.6666666666666666,32.302932,Greed,Greed,55
2024-08-27,0.0,50,2,1405.0032,70250.16,0.0,0.98,52.053552,Neutral,Neutral,48
2024-08-28,1333.359645,9,2,7906.674444444444,71160.06999999999,0.2222222222222222,0.7777777777777778,24.906026,Fear,Fear,30
2024-08-29,0.0,1,1,9995.85,9995.85,0.0,0.0,3.498547,Fear,Fear,29
2024-08-30,256.464,6,4,6205.54,37233.24,0.16666666666666666,0.5,13.031175999999999,Fear,Fear,34
2024-08-31,10.882801,34,3,3161.983235294118,107507.43000000001,0.35294117647058826,0.2647058823529412,39.955315,Fear,Fear,29
2024-09-01,137.433093,12,1,1029.9733333333334,12359.68,0.4166666666666667,0.25,4.325861,Fear,Fear,26
2024-09-02,0.0,2,1,15000.21,30000.42,0.0,1.0,10.500148,Fear,Fear,26
2024-09-04,1065.785132,34,2,3867.0873529411765,131480.97,0.14705882352941177,0.7647058823529411,63.570226999999996,Fear,Fear,27
2024-09-05,0.0,1,1,0.84,0.84,0.0,0.0,0.0,Fear,Fear,29
2024-09-06,-1104.856765,42,2,929.6928571428571,39047.1,0.0,0.09523809523809523,13.666476,Extreme Fear,Fear,22
2024-09-08,0.0,1,1,0.11,0.11,0.0,0.0,0.0,Fear,Fear,29
2024-09-09,0.0,2,1,2007.2150000000001,4014.4300000000003,0.0,1.0,34.9079,Fear,Fear,26
2024-09-10,-219.729659,3,2,849.0933333333334,2547.28,0.0,0.3333333333333333,7.2904,Fear,Fear,33
2024-09-11,0.0,1,1,0.54,0.54,0.0,0.0,0.0,Fear,Fear,37
2024-09-14,0.0,11,2,92.25454545454546,1014.8000000000001,0.0,0.9090909090909091,30.381330000000002,Neutral,Neutral,50
2024-09-18,-878.684794,145,1,94.02413793103449,13633.5,0.0,0.07586206896551724,31.732943,Neutral,Neutral,45
2024-09-19,0.0,19,1,80.09842105263158,1521.8700000000001,0.0,1.0,28.60766,Neutral,Neutral,49
2024-09-20,9585.03428,16,2,20804.58625,332873.38,0.5,0.1875,109.317031,Neutral,Neutral,54
2024-09-21,36165.56933,23,1,7202.092173913044,165648.12,1.0,0.0,57.976841,Neutral,Neutral,54
2024-09-22,0.0,3,1,6666.579999999999,19999.739999999998,0.0,1.0,6.999907,Neutral,Neutral,52
2024-09-23,334.760796,2,1,20167.145,40334.29,0.5,0.5,14.117002000000001,Neutral,Neutral,50
2024-09-24,0.0,10,2,711.863,7118.63,0.0,0.9,12.966142,Neutral,Neutral,54
2024-09-25,0.0,9,2,5861.570000000001,52754.130000000005,0.0,0.6666666666666666,17.764677,Greed,Greed,59
2024-09-26,439.812513,8,2,14213.991250000001,113711.93000000001,0.25,0.0,31.348204,Neutral,Neutral,50
2024-09-27,0.0,56,2,2251.732857142857,126097.04,0.0,0.0,37.503311,Greed,Greed,61
2024-09-28,0.0,4,1,7299.8025,29199.21,0.0,0.0,2.8031200000000003,Greed,Greed,64
2024-09-30,2710.626288,106,2,2025.1872641509435,214669.85,0.04716981132075472,0.04716981132075472,65.637576,Greed,Greed,61
2024-10-01,0.0,4,1,34988.58,139954.32,0.0,1.0,48.98401,Neutral,Neutral,50
2024-10-02,0.0,4,1,24988.585,99954.34,0.0,1.0,34.984016999999994,Fear,Fear,42
2024-10-03,100.375782,9,2,14770.632222222222,132935.69,0.3333333333333333,0.6666666666666666,46.527491000000005,Fear,Fear,37
2024-10-04,0.0,1,1,0.34,0.34,0.0,0.0,0.0,Fear,Fear,41
2024-10-05,5767.161892,37,2,16367.722702702702,605605.74,0.6486486486486487,0.21621621621621623,211.961771,Neutral,Neutral,49
2024-10-06,130.487079,22,1,13642.298181818182,300130.56,0.22727272727272727,0.2727272727272727,105.045693,Neutral,Neutral,50
2024-10-07,0.0,21,1,10475.459523809524,219984.65,0.0,0.0,76.994616,Neutral,Neutral,50
2024-10-08,5396.546638,36,2,12071.781388888889,434584.13,0.9166666666666666,0.027777777777777776,152.10422,Neutral,Neutral,49
2024-10-09,396.06272,14,1,15742.852142857142,220399.93,0.21428571428571427,0.7857142857142857,77.139967,Neutral,Neutral,49
2024-10-10,0.0,16,1,18751.521249999998,300024.33999999997,0.0,1.0,105.00851,Fear,Fear,39
2024-10-11,8885.327477,26,2,18804.007307692307,488904.19,0.6923076923076923,0.0,171.116194,Fear,Fear,32
2024-10-12,541.55471,10,1,15971.34,159713.4,0.7,0.1,55.899685,Neutral,Neutral,49
2024-10-13,0.0,10,1,6000.242,60002.42,0.0,1.0,21.000841,Neutral,Neutral,50
2024-10-14,1913.61958,5,1,12383.204000000002,61916.020000000004,1.0,0.0,21.670604,Neutral,Neutral,48
2024-10-15,1170.2260760000001,7,1,11596.194285714286,81173.36,0.5714285714285714,0.42857142857142855,28.410673,Greed,Greed,65
2024-10-16,219.480876,11,1,7293.560909090909,80229.17,0.2727272727272727,0.7272727272727273,28.080204000000002,Greed,Greed,73
2024-10-17,36.11496,9,2,15614.638888888889,140531.75,0.1111111111111111,0.7777777777777778,49.186107,Greed,Greed,71
2024-10-18,333.219141,6,1,20055.238333333335,120331.43000000001,0.8333333333333334,0.16666666666666666,42.115998,Greed,Greed,73
2024-10-19,0.0,4,1,24999.215,99996.86,0.0,1.0,34.998901000000004,Greed,Greed,72
2024-10-20,389.155797,96,2,1837.9985416666668,176447.86000000002,0.11458333333333333,0.010416666666666666,59.257459,Greed,Greed,73
2024-10-21,2464.915564,173,2,1873.5143930635838,324117.99,0.3930635838150289,0.06358381502890173,109.858043,Greed,Greed,72
2024-10-22,0.0,3,1,20000.12,60000.36,0.0,1.0,21.000124,Greed,Greed,70
2024-10-23,-46.489941,18,1,11667.003888888888,210006.07,0.0,0.8333333333333334,73.502111,Greed,Greed,71
2024-10-25,13235.862071,30,2,14262.772666666666,427883.18,0.7,0.3,143.841914,Greed,Greed,72
2024-10-27,666.6623079999999,4,1,22666.1025,90664.41,0.75,0.0,31.73254,Greed,Greed,74
2024-10-28,167.28016200000002,13,2,9345.788461538461,121495.25,0.3076923076923077,0.0,42.27334,Greed,Greed,72
2024-10-29,801.170876,53,2,11571.09075471698,613267.8099999999,0.05660377358490566,0.0,214.643714,Greed,Greed,72
2024-10-30,9.150023,25,1,473.23400000000004,11830.85,0.28,0.0,3.596988,Extreme Greed,Greed,77
2024-10-31,1214.043811,48,3,18670.278333333332,896173.36,0.7083333333333334,0.16666666666666666,312.710928,Extreme Greed,Greed,77
2024-11-01,1040.475736,23,2,11347.001304347827,260981.03,0.2608695652173913,0.5652173913043478,90.654875,Extreme Greed,Greed,75
2024-11-02,0.0,2,1,20000.0,40000.0,0.0,1.0,13.999997,Greed,Greed,72
2024-11-03,0.0,6,2,21509.27666666667,129055.66,0.0,1.0,40.404152,Greed,Greed,74
2024-11-04,2799.410474,36,2,12550.332499999999,451811.97,0.6388888888888888,0.3611111111111111,158.13418000000001,Greed,Greed,70
2024-11-05,678.4759280000001,10,1,20062.723,200627.23,0.5,0.5,70.219524,Greed,Greed,70
2024-11-06,2817.83723,15,2,8260.46,123906.9,0.4666666666666667,0.4,43.36741,Greed,Greed,70
2024-11-07,4493.353136,113,3,985.2681415929204,111335.3,0.5309734513274337,0.4690265486725664,26.17844238,Extreme Greed,Greed,77
2024-11-08,-64.41354100000007,39,2,6941.036923076923,270700.44,0.15384615384615385,0.5897435897435898,93.87825699999999,Extreme Greed,Greed,75
2024-11-09,102.90894,86,2,2248.655930232558,193384.41,0.22093023255813954,0.10465116279069768,66.18450299999999,Extreme Greed,Greed,75
2024-11-10,991.114334,173,3,2390.963583815029,413636.7,0.2947976878612717,0.017341040462427744,142.313546,Extreme Greed,Greed,78
2024-11-11,6749.630996,373,4,4210.649919571046,1570572.42,0.24664879356568364,0.029490616621983913,396.91055,Extreme Greed,Greed,76
2024-11-12,3494.399394,171,4,7171.663859649123,1226354.52,0.19883040935672514,0.39766081871345027,427.904853,Extreme Greed,Greed,80
2024-11-13,7846.402274,48,5,10736.174375,515336.37,0.5625,0.2916666666666667,179.184068,Extreme Greed,Greed,84
2024-11-14,4563.509225,110,2,9166.925545454545,1008361.81,0.2545454545454545,0.7454545454545455,335.028802,Extreme Greed,Greed,88
2024-11-15,4140.740438,149,4,9582.942416107382,1427858.42,0.3691275167785235,0.5100671140939598,466.427513,Extreme Greed,Greed,80
2024-11-16,2769.521909,157,4,1931.822101910828,303296.07,0.3057324840764331,0.3184713375796178,100.171303,Extreme Greed,Greed,86
2024-11-17,882.975285,209,4,5818.122344497608,1215987.57,0.23444976076555024,0.18660287081339713,271.111689,Extreme Greed,Greed,90
2024-11-18,4470.815187,346,7,6024.102832369942,2084339.58,0.3583815028901734,0.20809248554913296,445.104339,Extreme Greed,Greed,83
2024-11-19,2958.268991,305,5,2059.118524590164,628031.15,0.4918032786885246,0.24918032786885247,201.486933,Extreme Greed,Greed,90
2024-11-20,4210.0928969999995,550,5,3635.480218181818,1999514.1199999999,0.3981818181818182,0.34545454545454546,644.057369,Extreme Greed,Greed,83
2024-11-21,1692.430891,535,5,1118.3189158878504,598300.62,0.308411214953271,0.3514018691588785,198.628267,Extreme Greed,Greed,82
2024-11-22,-18105.345617,679,6,2425.2041531664213,1646713.62,0.3078055964653903,0.2974963181148748,436.439059,Extreme Greed,Greed,94
2024-11-23,2901.531638,363,4,1422.1644077134986,516245.68,0.3526170798898072,0.1790633608815427,154.621867,Extreme Greed,Greed,93
2024-11-24,945.550386,172,3,3866.001627906977,664952.28,0.26744186046511625,0.3313953488372093,202.583126,Extreme Greed,Greed,80
2024-11-25,5523.740734,255,2,3676.1210588235294,937410.87,0.4117647058823529,0.23529411764705882,283.779701,Extreme Greed,Greed,82
2024-11-26,1094.809359,302,4,3797.6901986754965,1146902.44,0.2913907284768212,0.4867549668874172,311.298478,Extreme Greed,Greed,79
2024-11-27,-2654.495633,213,2,6780.481361502348,1444242.53,0.3474178403755869,0.20187793427230047,439.714536,Extreme Greed,Greed,75
2024-11-28,-127075.39958499999,332,5,5705.497439759036,1894225.15,0.32831325301204817,0.21084337349397592,315.582009,Extreme Greed,Greed,77
2024-11-29,176844.994152,393,11,2021.0252162849874,794262.91,0.48854961832061067,0.3053435114503817,192.45173557,Extreme Greed,Greed,78
2024-11-30,37316.69352,373,8,4643.950938337802,1732193.7,0.42091152815013405,0.1742627345844504,552.3753395,Extreme Greed,Greed,84
2024-12-01,40886.364494,416,9,1958.441875,814711.82,0.53125,0.16105769230769232,245.38375138,Extreme Greed,Greed,81
2024-12-02,18489.604313,270,8,2167.568740740741,585243.56,0.4074074074074074,0.4148148148148148,147.88781359,Extreme Greed,Greed,80
2024-12-03,23576.539285,374,8,2900.177887700535,1084666.53,0.4304812834224599,0.3877005347593583,330.57309170999997,Extreme Greed,Greed,76
2024-12-04,292891.815021,319,7,2411.5600313479626,769287.65,0.46394984326018807,0.16927899686520376,172.60641765,Extreme Greed,Greed,78
2024-12-05,71574.11848800001,456,8,2756.0324342105264,1256750.79,0.4232456140350877,0.14035087719298245,352.76572323,Extreme Greed,Greed,84
2024-12-06,-92624.643895,403,10,8612.950918114144,3471019.22,0.23325062034739455,0.28287841191067,691.99378587,Greed,Greed,72
2024-12-07,85906.279067,304,6,1485.965197368421,451733.42,0.4309210526315789,0.06907894736842106,108.4520379,Extreme Greed,Greed,75
2024-12-08,15965.933436,420,6,2221.2850476190474,932939.72,0.3619047619047619,0.06904761904761905,234.17888346,Extreme Greed,Greed,79
2024-12-09,6310.967676,539,10,1825.5096103896105,983949.68,0.31910946196660483,0.5602968460111317,174.77343643,Extreme Greed,Greed,78
2024-12-10,39325.770231,1596,11,1973.94992481203,3150424.08,0.5870927318295739,0.20551378446115287,453.54068535,Extreme Greed,Greed,78
2024-12-11,319051.554217,1221,12,1796.9683292383293,2194098.33,0.7125307125307125,0.06060606060606061,413.50923006,Greed,Greed,74
2024-12-12,599151.795008,1932,14,2358.7939285714288,4557189.87,0.6997929606625258,0.15683229813664595,698.96545151,Extreme Greed,Greed,83
2024-12-13,31935.901745,1173,11,2455.9459846547315,2880824.64,0.40153452685422,0.4816709292412617,453.22737636,Extreme Greed,Greed,76
2024-12-14,167801.399244,1235,12,1918.6735060728743,2369561.78,0.47368421052631576,0.43157894736842106,232.09144503,Extreme Greed,Greed,83
2024-12-15,97525.315279,1697,15,1522.256812021214,2583269.81,0.24572775486152032,0.6470241602828521,231.33057037999998,Extreme Greed,Greed,80
2024-12-16,166774.344133,1055,13,2597.9231943127966,2740808.97,0.5071090047393365,0.33649289099526064,402.150056,Extreme Greed,Greed,83
2024-12-17,219591.305172,1941,16,2696.3408706852138,5233597.63,0.4363730036063885,0.37712519319938176,746.14038598,Extreme Greed,Greed,87
2024-12-18,13682.994673,1429,13,2658.423421973408,3798887.07,0.36599020293911827,0.35339398180545833,691.44797021,Extreme Greed,Greed,81
2024-12-19,62744.004486000005,3339,13,2468.316678646301,8241709.39,0.6148547469302186,0.3246480982330039,1056.23317908,Extreme Greed,Greed,75
2024-12-20,254969.660039,2488,15,3087.3290635048234,7681274.71,0.5558681672025724,0.3388263665594855,1210.83830578,Greed,Greed,74
2024-12-21,150022.163157,1681,8,2607.302272456871,4382875.12,0.5496728138013087,0.31528851873884595,680.39159713,Greed,Greed,73
2024-12-22,352197.163973,774,8,3988.7858139534887,3087320.22,0.4354005167958656,0.35917312661498707,333.05684453,Greed,Greed,73
2024-12-23,-29430.626577,2347,14,2885.333728163613,6771878.26,0.2901576480613549,0.2901576480613549,1200.89694657,Greed,Greed,70
2024-12-24,14813.780116,338,11,5227.917485207101,1767036.11,0.33727810650887574,0.15384615384615385,386.78244023,Greed,Greed,73
2024-12-25,756.6570469999998,208,6,1672.5449519230767,347889.35,0.30288461538461536,0.22596153846153846,66.51878221999999,Greed,Greed,73
2024-12-26,60228.639722,697,7,3163.9062410329984,2205242.65,0.5136298421807748,0.32568149210903874,523.35899848,Extreme Greed,Greed,79
2024-12-27,2672.811035,260,7,1338.126923076923,347913.0,0.4230769230769231,0.2153846153846154,88.5556466,Greed,Greed,74
2024-12-28,940.673623,161,7,1748.7888819875777,281555.01,0.22981366459627328,0.19875776397515527,48.40849263,Greed,Greed,72
2024-12-29,2884.067927,201,7,1714.5698507462685,344628.54,0.31840796019900497,0.10945273631840796,72.1173571,Greed,Greed,73
2024-12-30,9009.738137,304,9,3532.453059210526,1073865.73,0.39473684210526316,0.375,284.90632048,Greed,Greed,65
2024-12-31,5445.01281,306,6,2866.551045751634,877164.62,0.3006535947712418,0.39215686274509803,266.51641113,Greed,Greed,64
2025-01-01,-9528.065345,96,6,2943.5635416666664,282582.1,0.3020833333333333,0.4791666666666667,31.60438221,Greed,Greed,66
2025-01-02,8716.519087,361,9,2145.9136842105263,774674.84,0.45706371191135736,0.09141274238227147,176.13969323,Greed,Greed,70
2025-01-03,6028.486793,508,9,1518.1279330708662,771208.99,0.27165354330708663,0.16338582677165353,210.99783681,Greed,Greed,74
2025-01-04,2553.537968,371,9,4921.912722371967,1826029.6199999999,0.20215633423180593,0.0889487870619946,233.711971,Greed,Greed,73
2025-01-05,3187.719363,239,8,1890.977280334728,451943.57,0.41841004184100417,0.06694560669456066,139.34161097,Greed,Greed,72
2025-01-06,6064.185393,573,7,971.2512914485166,556526.99,0.15532286212914484,0.1431064572425829,174.93108825,Extreme Greed,Greed,76
2025-01-07,16098.227531,637,6,2061.504081632653,1313178.1,0.7613814756671899,0.12087912087912088,303.38645263,Extreme Greed,Greed,78
2025-01-08,130117.090554,1039,11,3058.0126852743024,3177275.18,0.37151106833493747,0.46102021174205965,696.91291038,Greed,Greed,70
2025-01-09,46975.928902,522,7,1955.427681992337,1020733.25,0.2777777777777778,0.27586206896551724,275.51377943,Greed,Greed,69
2025-01-10,-10116.875552,819,7,7994.444053724053,6547449.68,0.5274725274725275,0.29426129426129427,2094.17917505,Neutral,Neutral,50
2025-01-11,2269.080536,283,7,5859.006042402827,1658098.71,0.24381625441696114,0.508833922261484,494.64797735,Greed,Greed,69
2025-01-12,5742.241803,602,7,3751.59330564784,2258459.17,0.7840531561461794,0.10963455149501661,612.0827527,Greed,Greed,62
2025-01-13,9655.429352,408,11,7197.666691176471,2936648.0100000002,0.3872549019607843,0.5098039215686274,863.10012478,Greed,Greed,61
2025-01-14,16069.512355,275,9,3187.5708,876581.97,0.49818181818181817,0.2109090909090909,240.59104948,Greed,Greed,63
2025-01-15,14819.5883,267,11,6747.565131086143,1801599.8900000001,0.4606741573033708,0.1647940074906367,513.60899482,Greed,Greed,70
2025-01-16,20807.709328,371,9,8220.196657681941,3049692.96,0.3423180592991914,0.16711590296495957,890.56916796,Extreme Greed,Greed,75
2025-01-17,7006.415608,238,8,4664.8338655462185,1110230.46,0.5294117647058824,0.19747899159663865,351.41464889,Extreme Greed,Greed,75
2025-01-18,443.2330819999997,651,12,4165.330076804916,2711629.88,0.38095238095238093,0.2642089093701997,815.9342014599999,Extreme Greed,Greed,77
2025-01-19,87923.799302,1567,15,6199.8821314613915,9715215.3,0.20229738353541799,0.41735800893426933,2162.35563971,Extreme Greed,Greed,77
2025-01-20,87277.239173,1315,15,6302.149817490495,8287327.01,0.5224334600760456,0.311787072243346,2207.65981966,Extreme Greed,Greed,76
2025-01-21,11077.839421,530,8,2874.961924528302,1523729.82,0.3867924528301887,0.1320754716981132,398.3042653,Extreme Greed,Greed,76
2025-01-22,20524.408057,832,10,2137.5077283653845,1778406.43,0.28125,0.24519230769230768,471.17013976,Extreme Greed,Greed,84
2025-01-23,101256.24216,1218,12,3035.3273070607556,3697028.66,0.6609195402298851,0.14285714285714285,1088.34986968,Extreme Greed,Greed,75
2025-01-24,10602.779738,874,11,1843.7453661327231,1611433.45,0.5583524027459954,0.32494279176201374,338.6436011,Extreme Greed,Greed,75
2025-01-25,-10348.016255999999,506,11,2449.363043478261,1239377.7,0.27865612648221344,0.4723320158102767,318.93376206,Extreme Greed,Greed,75
2025-01-26,40823.466668,451,7,2663.3562305986693,1201173.66,0.43458980044345896,0.15521064301552107,382.25815423,Greed,Greed,73
2025-01-27,41331.765392,773,15,1950.8775032341528,1508028.31,0.4760672703751617,0.4385510996119017,406.25916743,Greed,Greed,71
2025-01-28,17979.613973,498,8,1163.4782530120483,579412.17,0.6285140562248996,0.18072289156626506,124.71028463,Greed,Greed,72
2025-01-29,23421.01147,910,9,2085.1795714285713,1897513.41,0.4164835164835165,0.16043956043956045,612.52114509,Greed,Greed,72
2025-01-30,23097.471385,1067,11,2825.114498594189,3014397.17,0.3467666354264292,0.09465791940018745,874.65111573,Greed,Greed,70
2025-01-31,35868.296773,1016,11,2739.578228346457,2783411.48,0.5413385826771654,0.11220472440944881,670.93805151,Extreme Greed,Greed,76
2025-02-01,32300.205017,634,12,2151.019621451104,1363746.44,0.5962145110410094,0.2555205047318612,285.47738189,Greed,Greed,68
2025-02-02,162854.759623,1319,13,4291.957763457164,5661092.29,0.35860500379075055,0.5382865807429871,1184.12208921,Greed,Greed,60
2025-02-03,348871.326269,2380,12,9492.815701680673,22592901.37,0.4634453781512605,0.2680672268907563,2991.56562406,Fear,Fear,44
2025-02-04,416876.88812,2512,13,6241.404964171974,15678409.27,0.276671974522293,0.2726910828025478,3853.77856394,Greed,Greed,72
2025-02-05,56706.235562,1297,11,6741.1191287586735,8743231.51,0.3215111796453354,0.38242097147262916,1335.74961667,Neutral,Neutral,54
2025-02-06,33803.799733,1703,11,1655.0257604227834,2818508.87,0.46095126247798,0.4445096887844979,709.13035861,Neutral,Neutral,49
2025-02-07,22450.002091,1524,13,2270.5141338582675,3460263.54,0.2821522309711286,0.583989501312336,738.0892383400001,Fear,Fear,44
2025-02-08,586.703253,575,10,1460.4086434782607,839734.97,0.19130434782608696,0.768695652173913,109.97628618,Fear,Fear,44
2025-02-09,150551.829492,764,12,3823.19332460733,2920919.7,0.4306282722513089,0.21727748691099477,427.36182496,Neutral,Neutral,46
2025-02-10,63908.49465,889,14,4077.5685489313837,3624958.44,0.4780652418447694,0.2744656917885264,491.3623421,Fear,Fear,43
2025-02-11,-6093.784817,848,12,3298.990766509434,2797544.17,0.21816037735849056,0.4115566037735849,476.43012785,Neutral,Neutral,47
2025-02-12,19848.635032,1031,12,4019.3739476236665,4143974.54,0.4626576139670223,0.2667313288069835,1099.15503114,Neutral,Neutral,46
2025-02-13,27829.534238,1370,11,2335.6585474452554,3199852.21,0.4678832116788321,0.29708029197080293,823.48748402,Neutral,Neutral,50
2025-02-14,213860.675308,1655,15,2421.210525679758,4007103.42,0.42900302114803623,0.24350453172205438,961.57771575,Neutral,Neutral,48
2025-02-15,45042.92701,932,12,1837.8250536480687,1712852.95,0.4302575107296137,0.4560085836909871,374.08731802,Neutral,Neutral,50
2025-02-16,2369.478425,681,10,1183.8144493392072,806177.64,0.44052863436123346,0.315712187958884,171.57200528,Neutral,Neutral,54
2025-02-17,1818.573295,941,9,2158.3896280552603,2031044.64,0.22422954303931988,0.6078639744952179,253.48675564,Neutral,Neutral,51
2025-02-18,91204.672403,1676,11,2011.413293556086,3371128.68,0.5119331742243437,0.389618138424821,609.53940291,Neutral,Neutral,47
2025-02-19,14985.794701,1361,10,2398.185334313005,3263930.24,0.4276267450404115,0.4481998530492285,688.4874495,Fear,Fear,44
2025-02-20,46008.794102,2012,11,2300.5016351888667,4628609.29,0.47912524850894633,0.3190854870775348,1232.46402475,Neutral,Neutral,49
2025-02-21,119693.49395,1873,14,2120.747399893219,3972159.88,0.5221569674319274,0.2685531233315537,829.71831377,Greed,Greed,55
2025-02-22,25278.704178,686,10,4629.111078717201,3175570.2,0.4970845481049563,0.28425655976676384,880.16463397,Neutral,Neutral,49
2025-02-23,10656.934251,520,12,2194.8283461538463,1141310.74,0.45,0.3192307692307692,230.00271917,Neutral,Neutral,50
2025-02-24,38470.176242,5616,14,1998.5077617521367,11223619.59,0.39672364672364674,0.5395299145299145,2097.96443324,Neutral,Neutral,49
2025-02-25,204762.177034,6246,18,3108.3868651937237,19414984.36,0.260646813960935,0.5758885686839578,3186.61506431,Fear,Fear,25
2025-02-26,63229.063129,1176,13,4206.597049319727,4946958.13,0.6709183673469388,0.09098639455782313,754.17254667,Extreme Fear,Fear,21
2025-02-27,-36525.167517,890,9,2247.0768876404495,1999898.43,0.27752808988764044,0.06741573033707865,512.14597331,Extreme Fear,Fear,10
2025-02-28,225628.108748,1019,13,4046.7721000981355,4123660.77,0.3886162904808636,0.3493621197252208,878.39826396,Extreme Fear,Fear,16
2025-03-01,10596.108968,174,5,1516.230632183908,263824.13,0.4482758620689655,0.28160919540229884,37.06354539,Extreme Fear,Fear,20
2025-03-02,66914.320708,532,10,12144.452518796992,6460848.74,0.5018796992481203,0.40225563909774437,1931.69694201,Fear,Fear,26
2025-03-03,616413.032233,1482,14,5563.151403508772,8244590.38,0.6153846153846154,0.23954116059379219,1040.56404242,Fear,Fear,33
2025-03-04,182075.566585,2402,16,4631.24360949209,11124247.15,0.25353871773522063,0.6432139883430474,2220.33648528,Extreme Fear,Fear,15
2025-03-05,269328.365917,1660,13,5538.345915662651,9193654.22,0.7584337349397591,0.1674698795180723,2321.32151085,Extreme Fear,Fear,20
2025-03-06,16101.125561,760,12,8901.743368421052,6765324.96,0.48026315789473684,0.3078947368421053,1306.61716326,Fear,Fear,25
2025-03-07,150236.061627,2552,14,7779.888510971787,19854275.48,0.5223354231974922,0.41300940438871475,4916.50104687,Fear,Fear,34
2025-03-08,24700.773359,529,13,1686.3582419659735,892083.51,0.5689981096408318,0.41965973534971646,208.339773,Fear,Fear,28
2025-03-09,19773.457395,1422,12,7327.495070323488,10419697.99,0.4409282700421941,0.5084388185654009,2377.0639268,Fear,Fear,27
2025-03-10,-10010.027269999999,2911,14,5775.263029886637,16811790.68,0.39745791824115423,0.5376159395396771,3488.37247123,Extreme Fear,Fear,20
2025-03-11,-76880.729036,3286,16,4265.657970176507,14016952.09,0.18746195982958003,0.5477784540474742,2441.08024204,Extreme Fear,Fear,24
2025-03-12,288105.984215,3968,13,4692.071358366935,18618139.15,0.5645161290322581,0.36139112903225806,3658.41357197,Fear,Fear,34
2025-03-13,14114.870873,962,13,3415.375488565489,3285591.22,0.4573804573804574,0.4397089397089397,809.18670717,Neutral,Neutral,45
2025-03-14,68646.160089,2210,10,3641.261158371041,8047187.16,0.8538461538461538,0.08868778280542987,1193.48707492,Fear,Fear,27
2025-03-15,78694.624572,261,8,9025.86030651341,2355749.54,0.5938697318007663,0.0842911877394636,574.332888,Neutral,Neutral,46
2025-03-16,-7910.943544999999,530,8,19222.49341509434,10187921.51,0.2320754716981132,0.3754716981132076,2442.48300218,Fear,Fear,30
2025-03-17,26163.906513,920,11,3905.320706521739,3592895.05,0.4532608695652174,0.2684782608695652,807.74000798,Fear,Fear,32
2025-03-18,72322.788824,834,13,4856.901043165468,4050655.47,0.22541966426858512,0.2949640287769784,857.936131,Fear,Fear,34
2025-03-19,29374.682341,1612,12,2852.8620161290323,4598813.57,0.4162531017369727,0.2878411910669975,784.4900710184,Fear,Fear,32
2025-03-20,10246.859436,771,13,2143.0063942931256,1652257.93,0.4085603112840467,0.2529182879377432,329.235446,Neutral,Neutral,49
2025-03-21,6951.270374,698,9,3644.560730659026,2543903.39,0.5,0.46275071633237824,633.46068283,Fear,Fear,31
2025-03-22,12498.535254,535,8,1816.4662056074767,971809.42,0.4747663551401869,0.013084112149532711,268.83480197,Fear,Fear,32
2025-03-23,14047.421585,447,10,5802.057427293064,2593519.67,0.32662192393736017,0.4854586129753915,597.21601403,Fear,Fear,30
2025-03-24,107878.961301,1027,13,2938.254186952288,3017587.05,0.6153846153846154,0.023369036027263874,531.10535137,Neutral,Neutral,45
2025-03-25,32030.90678,791,13,6792.060391908975,5372519.77,0.3615676359039191,0.415929203539823,1401.35398577,Neutral,Neutral,46
2025-03-26,15802.167427,3102,17,2449.30830754352,7597754.37,0.27111540941328177,0.3288201160541586,1796.80351609,Neutral,Neutral,47
2025-03-27,58825.359221,785,11,4127.744535031847,3240279.46,0.33375796178343947,0.38980891719745225,714.0241193,Fear,Fear,40
2025-03-28,21337.179335,728,11,2037.2151236263737,1483092.61,0.3173076923076923,0.5934065934065934,389.28339505,Fear,Fear,44
2025-03-29,12098.872931,1894,10,1936.7221911298839,3668151.83,0.3558606124604013,0.49947201689545934,839.84451462,Fear,Fear,26
2025-03-30,15795.11514,568,9,5019.146056338028,2850874.96,0.16549295774647887,0.8045774647887324,759.07175327,Fear,Fear,32
2025-03-31,6978.184557,495,12,4373.277717171717,2164772.4699999997,0.5232323232323233,0.4,482.00163111,Fear,Fear,34
2025-04-01,-2202.6622420000003,192,9,3668.9853645833336,704445.1900000001,0.4583333333333333,0.24479166666666666,162.93599482,Fear,Fear,34
2025-04-02,202212.740938,1076,11,3594.7310408921935,3867930.6,0.8949814126394052,0.06133828996282528,1181.2230379,Fear,Fear,44
2025-04-03,-2365.961276,1748,17,4960.087614416476,8670233.15,0.2974828375286041,0.5354691075514875,1337.1188527,Fear,Fear,25
2025-04-04,-25515.678949999998,1272,14,3015.3661399371067,3835545.73,0.38757861635220126,0.33176100628930816,836.063409361,Fear,Fear,28
2025-04-05,35907.33771,360,10,3521.011722222222,1267564.22,0.5805555555555556,0.35,282.060344,Fear,Fear,30
2025-04-06,47053.449272,1048,14,3388.59929389313,3551252.06,0.31679389312977096,0.6020992366412213,618.4359126335,Fear,Fear,34
2025-04-07,34527.370305,2814,18,5138.682707889126,14460253.14,0.23916133617626156,0.3347547974413646,2766.5551014029,Extreme Fear,Fear,23
2025-04-08,34899.394798,943,17,9405.505196182397,8869391.4,0.4093319194061506,0.3987274655355249,2274.97769106,Extreme Fear,Fear,24
2025-04-09,43120.444797,3967,20,7198.589984875221,28556806.47,0.43055205444920597,0.1651121754474414,6111.274358194,Extreme Fear,Fear,18
2025-04-10,158261.822261,2127,19,13512.90704748472,28741953.29,0.5289139633286318,0.12552891396332863,6868.556500782,Fear,Fear,39
2025-04-11,126406.479081,1096,16,10327.853166058394,11319327.07,0.3357664233576642,0.1177007299270073,2174.4390780901,Fear,Fear,25
2025-04-12,410419.694533,2109,20,26512.383826458037,55914617.49,0.2721669037458511,0.2029397818871503,11517.596374457,Fear,Fear,43
2025-04-13,48696.021521,1321,17,10727.596358819075,14171154.79,0.3618470855412566,0.2937168811506434,2568.3362202649,Neutral,Neutral,45
2025-04-14,45680.443063,890,14,14696.598853932584,13079972.98,0.42247191011235957,0.40224719101123596,2023.157718567,Fear,Fear,31
2025-04-15,72357.706282,1131,14,18348.51303271441,20752168.24,0.5720601237842617,0.10963748894783377,1866.90475939,Fear,Fear,38
2025-04-16,58631.730257,1608,17,22700.69396766169,36502715.9,0.3401741293532338,0.34950248756218905,5997.61790529,Fear,Fear,29
2025-04-17,5427.919886,1031,12,2526.238128031038,2604551.51,0.30358874878758485,0.05625606207565471,519.20873692,Fear,Fear,30
2025-04-18,4880.4047439999995,1894,12,12994.007634635693,24610650.46,0.5126715945089757,0.1351636747624076,4667.32793177,Fear,Fear,33
2025-04-19,71950.577495,2786,15,11739.577426417804,32706462.71,0.2921751615218952,0.16259870782483848,6480.62633269,Fear,Fear,32
2025-04-20,25060.341936,1982,12,6118.110015136226,12126094.05,0.3985872855701312,0.18314833501513622,1887.3296081058,Fear,Fear,37
2025-04-21,34369.267906999994,1718,14,24507.598859138536,42104054.84,0.3940628637951106,0.18859138533178113,6356.09106388,Fear,Fear,39
2025-04-22,58652.763578,2998,15,11258.714222815212,33753625.24,0.2961974649766511,0.1104069379586391,5749.685751,Neutral,Neutral,47
2025-04-23,-419020.225731,6159,19,4981.72492125345,30682443.79,0.324728040266277,0.1480759863614223,7342.08084188,Greed,Greed,72
2025-04-24,50704.395965,2232,15,15720.841684587815,35088918.64,0.4135304659498208,0.38620071684587814,7366.5003199353005,Greed,Greed,63
2025-04-25,20218.859206,1653,16,16787.32957047792,27749455.78,0.38596491228070173,0.15063520871143377,6299.0932547382,Greed,Greed,60
2025-04-26,-4125.753942,1131,12,10564.215534924844,11948127.77,0.1724137931034483,0.35013262599469497,2652.30675352,Greed,Greed,65
2025-04-27,2702.067468,337,9,1446.6993768545994,487537.69,0.3560830860534125,0.5133531157270029,55.9267726562,Greed,Greed,61
2025-04-28,36906.813759,1379,8,18944.83066715011,26124921.49,0.4169688179840464,0.3567802755620014,6007.2514035301,Neutral,Neutral,54
2025-04-29,125749.613427,2243,7,15198.177289344627,34089511.66,0.43201069995541685,0.28533214444939814,5149.2952871531,Greed,Greed,60
2025-04-30,14003.797269,1113,8,11405.10229110512,12693878.85,0.26504941599281223,0.6711590296495957,2950.1837728755,Greed,Greed,56
2025-05-01,54536.829297000004,1230,11,8715.642699186992,10720240.52,0.43089430894308944,0.36829268292682926,2652.6136779658,Neutral,Neutral,53
